วันที่,รางวัลที่ 1,2 ตัวบน,3 ตัวบน,2 ตัวล่าง,3 ตัวหน้า,3 ตัวล่าง
กรกฎาคม ก.ค. 2567,434503,03,503,89,839 975,647 778
มิถุนายน มิ.ย 2567,518504,04,504,31,016 428,426 447
มิถุนายน มิ.ย 2567,530593,93,593,42,194 364,421 734
พฤษภาคม พ.ค. 2567,205690,90,690,60,747 885,070 137
พฤษภาคม พ.ค. 2567,980116,16,116,17,104 763,634 833
เมษายน เม.ย. 2567,943598,98,598,79,727 729,154 200
เมษายน เม.ย. 2567,803481,81,481,90,122 809,559 947
มีนาคม มี.ค. 2567,997626,26,626,78,509 571,329 794
มีนาคม มี.ค. 2567,253603,03,603,79,900 975,382 703
กุมภาพันธ์ ก.พ. 2567,941395,95,395,43,056 330,375 587
กุมภาพันธ์ ก.พ. 2567,607063,63,063,09,454 943,544 591
มกราคม ม.ค. 2567,105979,79,979,61,429 931,196 635
ธันวาคม ธ.ค. 2566,625544,44,544,89,600 648,456 882
ธันวาคม ธ.ค. 2566,356757,57,757,85,058 410,584 964
ธันวาคม ธ.ค. 2566,251097,97,097,91,055 265,092 280
พฤศจิกายน พ.ย. 2566,557990,90,990,14,346 412,778 961
พฤศจิกายน พ.ย. 2566,743951,51,951,63,335 913,019 349
ตุลาคม ต.ค. 2566,931446,46,446,44,167 398,272 970
ตุลาคม ต.ค. 2566,727202,02,202,66,324 355,426 615
กันยายน ก.ย. 2566,320812,12,812,46,037 699,057 344
กันยายน ก.ย. 2566,915478,78,478,91,521 596,291 692
สิงหาคม ส.ค. 2566,471782,82,782,67,431 739,737 742
กรกฎาคม ก.ค. 2566,260453,53,453,11,268 708,387 601
กรกฎาคม ก.ค. 2566,169530,30,530,62,261 384,066 780
กรกฎาคม ก.ค. 2566,922605,05,605,16,281 867,491 947
มิถุนายน มิ.ย 2566,264872,72,872,30,519 628,202 874
มิถุนายน มิ.ย 2566,125272,72,272,09,000 681,386 971
พฤษภาคม พ.ค. 2566,132903,03,903,99,678 739,693 731
พฤษภาคม พ.ค. 2566,843019,19,019,65,500 780,187 269
เมษายน เม.ย. 2566,984906,06,906,71,670 678,551 797
เมษายน เม.ย. 2566,087907,07,907,99,111 914,290 698
มีนาคม มี.ค. 2566,025873,73,873,73,420 800,355 544
มีนาคม มี.ค. 2566,417652,52,652,55,577 919,748 984
กุมภาพันธ์ ก.พ. 2566,590417,17,417,80,195 664,377 523
กุมภาพันธ์ ก.พ. 2566,297411,11,411,92,181 789,101 664
มกราคม ม.ค. 2566,812519,19,519,47,389 443,564 849
ธันวาคม ธ.ค. 2565,157196,96,196,58,007 522,250 425
ธันวาคม ธ.ค. 2565,845093,93,093,14,411 912,593 855
ธันวาคม ธ.ค. 2565,375805,05,805,08,170 786,409 421
พฤศจิกายน พ.ย. 2565,121789,89,789,64,532 722,157 973
พฤศจิกายน พ.ย. 2565,913106,06,106,70,722 839,343 922
ตุลาคม ต.ค. 2565,613106,06,106,15,037 158,606 799
ตุลาคม ต.ค. 2565,484669,69,669,50,206 996,194 278
กันยายน ก.ย. 2565,943703,03,703,75,540 971,432 631
กันยายน ก.ย. 2565,929332,32,332,83,298 725,210 604
สิงหาคม ส.ค. 2565,331583,83,583,42,271 300,284 876
สิงหาคม ส.ค. 2565,436594,94,594,14,266 893,282 447
กรกฎาคม ก.ค. 2565,620405,05,405,53,159 834,061 279
กรกฎาคม ก.ค. 2565,981417,17,417,61,242 287,002 542
มิถุนายน มิ.ย 2565,361807,07,807,92,285 549,106 228
มิถุนายน มิ.ย 2565,319196,96,196,02,679 817,213 652
พฤษภาคม พ.ค. 2565,155012,12,012,06,247 736,236 540
พฤษภาคม พ.ค. 2565,658642,42,642,09,518 778,041 325
เมษายน เม.ย. 2565,395919,19,919,58,289 859,413 508
เมษายน เม.ย. 2565,970618,18,618,10,391 738,578 870
มีนาคม มี.ค. 2565,737867,67,867,03,349 985,788 989
มีนาคม มี.ค. 2565,061905,05,905,07,236 834,234 691
กุมภาพันธ์ ก.พ. 2565,098597,97,597,57,085 644,592 816
กุมภาพันธ์ ก.พ. 2565,944308,08,308,30,061 942,485 509
มกราคม ม.ค. 2565,880159,59,159,92,731 786,119 529
ธันวาคม ธ.ค. 2564,819068,68,068,36,591 979,419 547
ธันวาคม ธ.ค. 2564,639235,35,235,83,097 629,476 522
ธันวาคม ธ.ค. 2564,077258,58,258,82,739 740,401 485
พฤศจิกายน พ.ย. 2564,032761,61,761,57,471 648,245 844
พฤศจิกายน พ.ย. 2564,045037,37,037,95,247 458,331 755
ตุลาคม ต.ค. 2564,386372,72,372,38,602 964,295 798
ตุลาคม ต.ค. 2564,578171,71,171,83,285 361,379 449
กันยายน ก.ย. 2564,070935,35,935,90,609 817,007 379
กันยายน ก.ย. 2564,114475,75,475,79,278 302,123 458
สิงหาคม ส.ค. 2564,046750,50,750,23,421 666,160 355
สิงหาคม ส.ค. 2564,910261,61,261,69,103 307,004 785
กรกฎาคม ก.ค. 2564,556725,25,725,70,058 174,233 927
กรกฎาคม ก.ค. 2564,713517,17,517,29,073 794,414 511
มิถุนายน มิ.ย 2564,691861,61,861,17,007 054,447 668
มิถุนายน มิ.ย 2564,292972,72,972,45,193 620,723 978
พฤษภาคม พ.ค. 2564,684579,79,579,14,615 843,276 970
พฤษภาคม พ.ค. 2564,501272,72,272,18,018 306,129 498
เมษายน เม.ย. 2564,100787,87,787,56,013 143,264 478
เมษายน เม.ย. 2564,472270,70,270,05,283 755,393 577
มีนาคม มี.ค. 2564,890422,22,422,19,036 902,256 396
มีนาคม มี.ค. 2564,835538,38,538,73,290 838,051 806
กุมภาพันธ์ ก.พ. 2564,424603,03,603,39,318 861,057 817
กุมภาพันธ์ ก.พ. 2564,912307,07,307,97,248 605,282 651
มกราคม ม.ค. 2564,384395,95,395,15,367 653,566 878
ธันวาคม ธ.ค. 2563,803628,28,628,19,336 804,321 924
ธันวาคม ธ.ค. 2563,201303,03,303,70,377 828,072 517
ธันวาคม ธ.ค. 2563,100994,94,994,84,093 776,834 984
พฤศจิกายน พ.ย. 2563,972661,61,661,46,368 741,208 255
พฤศจิกายน พ.ย. 2563,506404,04,404,40,154 598,062 245
ตุลาคม ต.ค. 2563,286051,51,051,38,189 464,045 980
ตุลาคม ต.ค. 2563,837893,93,893,59,594 757,110 595
กันยายน ก.ย. 2563,244083,83,083,57,127 220,623 853
กันยายน ก.ย. 2563,999997,97,997,98,636 725,342 957
สิงหาคม ส.ค. 2563,945811,11,811,88,614 712,364 733
สิงหาคม ส.ค. 2563,569391,91,391,92,575 931,578 809
กรกฎาคม ก.ค. 2563,873286,86,286,53,510 533,494 682
กรกฎาคม ก.ค. 2563,347258,58,258,83,095 362,094 307
มิถุนายน มิ.ย 2563,516967,67,967,64,876 882,565 625
มิถุนายน มิ.ย 2563,831567,67,567,24,264 489,562 582
เมษายน เม.ย. 2563,051095,95,095,22,285 430,191 364
มีนาคม มี.ค. 2563,503446,46,446,77,258 726,404 661
มีนาคม มี.ค. 2563,875938,38,938,98,294 328,597 780
กุมภาพันธ์ ก.พ. 2563,781403,03,403,94,515 952,030 918
กุมภาพันธ์ ก.พ. 2563,589227,27,227,06,259 552,375 927
มกราคม ม.ค. 2563,491774,74,774,68,004 132,379 595
ธันวาคม ธ.ค. 2562,510541,41,541,81,116 382,140 250
ธันวาคม ธ.ค. 2562,529924,24,924,97,043 138,555 665
ธันวาคม ธ.ค. 2562,453522,22,522,81,261 617,013 457
พฤศจิกายน พ.ย. 2562,017223,23,223,32,164 640,085 194
พฤศจิกายน พ.ย. 2562,967375,75,375,79,323 806,021 206
ตุลาคม ต.ค. 2562,812564,64,564,15,255 625,132 598
ตุลาคม ต.ค. 2562,691197,97,197,59,392 920,606 797
กันยายน ก.ย. 2562,340388,88,388,85,733 947,925 939
กันยายน ก.ย. 2562,798787,87,787,20,210 847,274 439
สิงหาคม ส.ค. 2562,775476,76,476,89,149 912,563 580
สิงหาคม ส.ค. 2562,387006,06,006,58,135 983,562 795
กรกฎาคม ก.ค. 2562,369765,65,765,88,355 901,113 556
กรกฎาคม ก.ค. 2562,943647,47,647,86,239 864,006 375
มิถุนายน มิ.ย 2562,174055,55,055,29,625 884,127 800
มิถุนายน มิ.ย 2562,516461,61,461,46,589 713,215 560
พฤษภาคม พ.ค. 2562,962526,26,526,71,669 949,018 828
พฤษภาคม พ.ค. 2562,061324,24,324,25,043 476,374 699
เมษายน เม.ย. 2562,570331,31,331,23,512 930,966 968
เมษายน เม.ย. 2562,109767,67,767,52,888 959,403 975
มีนาคม มี.ค. 2562,724628,28,628,64,148 883,154 877
มีนาคม มี.ค. 2562,345650,50,650,65,137 999,830 837
กุมภาพันธ์ ก.พ. 2562,074824,24,824,56,881 910,612 879
กุมภาพันธ์ ก.พ. 2562,967134,34,134,04,643 779,197 948
มกราคม ม.ค. 2562,197079,79,079,65,206 412,127 660
ธันวาคม ธ.ค. 2561,735867,67,867,02,031 913,701 884
ธันวาคม ธ.ค. 2561,356564,64,564,62,480 948,297 369
ธันวาคม ธ.ค. 2561,021840,40,840,67,045 307,561 988
พฤศจิกายน พ.ย. 2561,989903,03,903,16,471 930,140 876
พฤศจิกายน พ.ย. 2561,149840,40,840,58,384 576,046 509
ตุลาคม ต.ค. 2561,200515,15,515,93,186 392,192 212
ตุลาคม ต.ค. 2561,452643,43,643,99,594 726,561 810
กันยายน ก.ย. 2561,149760,60,760,79,323 539,155 297
กันยายน ก.ย. 2561,734510,10,510,26,464 512,097 202
สิงหาคม ส.ค. 2561,586117,17,117,10,340 670,591 815
สิงหาคม ส.ค. 2561,386602,02,602,78,832 903,549 726
กรกฎาคม ก.ค. 2561,596324,24,324,27,403 530,138 362
กรกฎาคม ก.ค. 2561,963623,23,623,83,429 901,210 217
มิถุนายน มิ.ย 2561,223131,31,131,46,432 507,132 868
มิถุนายน มิ.ย 2561,988117,17,117,95,310 553,248 650
พฤษภาคม พ.ค. 2561,075629,29,629,20,130 357,047 506
พฤษภาคม พ.ค. 2561,248038,38,038,85,527 980,225 602
เมษายน เม.ย. 2561,739229,29,229,60,273 654,076 526
เมษายน เม.ย. 2561,412073,73,073,85,131 787,638 924
มีนาคม มี.ค. 2561,218559,59,559,82,064 720,205 489
มีนาคม มี.ค. 2561,759415,15,415,29,318 870,589 723
กุมภาพันธ์ ก.พ. 2561,309915,15,915,39,007 388,230 748
กุมภาพันธ์ ก.พ. 2561,026853,53,853,31,106 947,181 519
มกราคม ม.ค. 2561,203823,23,823,50,624 799,236 397
ธันวาคม ธ.ค. 2560,911234,34,234,98,373 495,504 953
ธันวาคม ธ.ค. 2560,955596,96,596,89,616 836,290 938
ธันวาคม ธ.ค. 2560,451005,05,005,33,303 626,257 601
พฤศจิกายน พ.ย. 2560,292391,91,391,98,831 961,477 628
พฤศจิกายน พ.ย. 2560,533726,26,726,85,165 425,036 485
ตุลาคม ต.ค. 2560,413494,94,494,86,180 971,128 287
ตุลาคม ต.ค. 2560,880714,14,714,52,611 726,462 952
กันยายน ก.ย. 2560,170143,43,143,71,172 647,340 388
กันยายน ก.ย. 2560,143224,24,224,65,345 679,195 278
สิงหาคม ส.ค. 2560,715431,31,431,37,115 302,253 945
สิงหาคม ส.ค. 2560,756519,19,519,36,061 386,787 989
กรกฎาคม ก.ค. 2560,820327,27,327,87,584 835,390 823
กรกฎาคม ก.ค. 2560,112360,60,360,26,226 489,005 688
มิถุนายน มิ.ย 2560,943142,42,142,47,626 878,373 740
มิถุนายน มิ.ย 2560,053630,30,630,61,121 218,581 881
พฤษภาคม พ.ค. 2560,454891,91,891,53,008 396,490 603
พฤษภาคม พ.ค. 2560,008656,56,656,35,573 949,773 923
เมษายน เม.ย. 2560,816729,29,729,40,766 973,241 807
เมษายน เม.ย. 2560,392785,85,785,80,020 057,500 709
มีนาคม มี.ค. 2560,273863,63,863,92,324 918,694 941
มีนาคม มี.ค. 2560,978453,53,453,78,450 560,052 577
กุมภาพันธ์ ก.พ. 2560,229116,16,116,14,128 464,375 953
กุมภาพันธ์ ก.พ. 2560,054672,72,672,42,066 807,426 628
มกราคม ม.ค. 2560,145157,57,157,25,511 663,516 836
ธันวาคม ธ.ค. 2559,377712,12,712,46,304 890,477 769
ธันวาคม ธ.ค. 2559,435286,86,286,35,366 596,199 716
ธันวาคม ธ.ค. 2559,086069,69,069,77,513 873,148 450
พฤศจิกายน พ.ย. 2559,858383,83,383,44,040 682,558 570
พฤศจิกายน พ.ย. 2559,785438,38,438,86,824 976,038 752
ตุลาคม ต.ค. 2559,571947,47,947,98,692 885,032 587
ตุลาคม ต.ค. 2559,887102,02,102,33,194 280,017 458
กันยายน ก.ย. 2559,240650,50,650,42,493 583,043 160
กันยายน ก.ย. 2559,638684,84,684,62,334 335,630 669
สิงหาคม ส.ค. 2559,254004,04,004,33,366 966,596 631
สิงหาคม ส.ค. 2559,272932,32,932,57,538 983,472 871
กรกฎาคม ก.ค. 2559,449764,64,764,55,552 734,158 925
กรกฎาคม ก.ค. 2559,082460,60,460,53,169 609,173 302
มิถุนายน มิ.ย 2559,073816,16,816,79,251 804,321 749
มิถุนายน มิ.ย 2559,511825,25,825,14,111 775,880 937
พฤษภาคม พ.ค. 2559,141737,37,737,98,382 975,087 268
พฤษภาคม พ.ค. 2559,399459,59,459,02,238 403,046 671
เมษายน เม.ย. 2559,221609,09,609,87,008 228,507 523
เมษายน เม.ย. 2559,066720,20,720,92,390 546,285 852
มีนาคม มี.ค. 2559,134918,18,918,32,855 877,004 973
มีนาคม มี.ค. 2559,439686,86,686,06,426 530,155 743
กุมภาพันธ์ ก.พ. 2559,356364,64,364,98,312 699,309 535
กุมภาพันธ์ ก.พ. 2559,927800,00,800,09,625 999,054 076
มกราคม ม.ค. 2559,304371,71,371,50,031 532,743 786
ธันวาคม ธ.ค. 2558,008217,17,217,02,246 264,596 895
ธันวาคม ธ.ค. 2558,930255,55,255,08,140 250,094 638
ธันวาคม ธ.ค. 2558,915350,50,350,78,238 181,714 175
พฤศจิกายน พ.ย. 2558,795283,83,283,03,241 028,643 802
พฤศจิกายน พ.ย. 2558,361211,11,211,45,106 757,166 473
ตุลาคม ต.ค. 2558,968630,30,630,62,457 134,412 054
ตุลาคม ต.ค. 2558,594825,25,825,07,175 918,440 799
กันยายน ก.ย. 2558,743148,48,148,06,435 209,375 084
กันยายน ก.ย. 2558,021094,94,094,89,260 403,068 819
สิงหาคม ส.ค. 2558,033363,63,363,40,781 227,624 648
สิงหาคม ส.ค. 2558,518677,77,677,53,333 598,648 889
กรกฎาคม ก.ค. 2558,121507,07,507,49,761 461,830 294
กรกฎาคม ก.ค. 2558,759049,49,049,26,565 814,081 567
มิถุนายน มิ.ย 2558,644742,42,742,05,429 253,386 532
มิถุนายน มิ.ย 2558,388881,81,881,65,314 700,876 969
พฤษภาคม พ.ค. 2558,011421,21,421,38,799 484,851 928
พฤษภาคม พ.ค. 2558,543466,66,466,30,818 163,366 195
เมษายน เม.ย. 2558,506260,60,260,38,101 164,495 973
เมษายน เม.ย. 2558,605704,04,704,70,558 962,557 861
มีนาคม มี.ค. 2558,048151,51,151,92,339 622,623 757
มีนาคม มี.ค. 2558,240237,37,237,34,498 031,857 008
กุมภาพันธ์ ก.พ. 2558,001864,64,864,90,843 103,825 392
กุมภาพันธ์ ก.พ. 2558,155537,37,537,79,083 286,813 008
มกราคม ม.ค. 2558,244351,51,351,74,068 398,595 877
ธันวาคม ธ.ค. 2557,461704,04,704,57,853 982,535 950
ธันวาคม ธ.ค. 2557,948354,54,354,90,080 763,775 901
ธันวาคม ธ.ค. 2557,480449,49,449,11,820 380,580 161
พฤศจิกายน พ.ย. 2557,479804,04,804,25,179 422,480 709
พฤศจิกายน พ.ย. 2557,206608,08,608,44,607 203,855 979
ตุลาคม ต.ค. 2557,656409,09,409,94,647 784,848 910
ตุลาคม ต.ค. 2557,375615,15,615,44,251 086,159 520
กันยายน ก.ย. 2557,772269,69,269,35,112 257,342 790
กันยายน ก.ย. 2557,856763,63,763,22,308 912,477 490
สิงหาคม ส.ค. 2557,662842,42,842,91,639 912,187 633
สิงหาคม ส.ค. 2557,766391,91,391,82,349 576,623 637
กรกฎาคม ก.ค. 2557,468728,28,728,45,104 944,117 205
กรกฎาคม ก.ค. 2557,378477,77,477,39,123 271,441 864
มิถุนายน มิ.ย 2557,673920,20,920,95,158 140,639 576
มิถุนายน มิ.ย 2557,781198,98,198,18,160 324,409 636
พฤษภาคม พ.ค. 2557,087523,23,523,20,150 505,112 246
พฤษภาคม พ.ค. 2557,103297,97,297,52,143 158,673 797
เมษายน เม.ย. 2557,153406,06,406,26,344 013,355 634
เมษายน เม.ย. 2557,028866,66,866,95,186 499,835 938
มีนาคม มี.ค. 2557,531404,04,404,79,250 305,400 904
มีนาคม มี.ค. 2557,906318,18,318,35,116 537,753 798
กุมภาพันธ์ ก.พ. 2557,384245,45,245,01,397 530,074 521
กุมภาพันธ์ ก.พ. 2557,180149,49,149,95,406 492,888 976
มกราคม ม.ค. 2557,306902,02,902,52,242 077,149 510
ธันวาคม ธ.ค. 2556,561072,72,072,48,513 750,503 275
ธันวาคม ธ.ค. 2556,341767,67,767,79,111 228,742 826
ธันวาคม ธ.ค. 2556,168795,95,795,27,734 766,074 980
พฤศจิกายน พ.ย. 2556,806925,25,925,28,069 304,672 753
พฤศจิกายน พ.ย. 2556,739804,04,804,47,502 020,256 173
ตุลาคม ต.ค. 2556,963289,89,289,60,402 529,876 952
ตุลาคม ต.ค. 2556,647882,82,882,14,576 324,650 028
กันยายน ก.ย. 2556,562684,84,684,63,056 235,574 754
กันยายน ก.ย. 2556,548123,23,123,05,281 570,800 045
สิงหาคม ส.ค. 2556,321327,27,327,20,417 945,448 201
สิงหาคม ส.ค. 2556,356435,35,435,82,880 451,718 329
กรกฎาคม ก.ค. 2556,566996,96,996,86,352 210,584 526
กรกฎาคม ก.ค. 2556,646905,05,905,51,075 284,903 904
มิถุนายน มิ.ย 2556,289673,73,673,69,390 098,114 502
มิถุนายน มิ.ย 2556,935489,89,489,90,480 713,716 768
พฤษภาคม พ.ค. 2556,687125,25,125,56,034 261,390 945
พฤษภาคม พ.ค. 2556,603458,58,458,07,272 359,516 830
เมษายน เม.ย. 2556,843846,46,846,86,834 862,906 828
เมษายน เม.ย. 2556,571688,88,688,53,170 430,670 725
มีนาคม มี.ค. 2556,968433,33,433,52,860 959,175 529
มีนาคม มี.ค. 2556,976241,41,241,37,972 721,133 775
กุมภาพันธ์ ก.พ. 2556,368257,57,257,09,657 708,109 386
กุมภาพันธ์ ก.พ. 2556,565566,66,566,66,452 695,641 782
มกราคม ม.ค. 2556,820981,81,981,08,555 196,374 334
ธันวาคม ธ.ค. 2555,302358,58,358,00,589 864,126 832
ธันวาคม ธ.ค. 2555,529524,24,524,72,734 745,778 008
ธันวาคม ธ.ค. 2555,110443,43,443,43,434 553,489 303
พฤศจิกายน พ.ย. 2555,639500,00,500,15,576 560,804 627
พฤศจิกายน พ.ย. 2555,524694,94,694,63,217 188,285 338
ตุลาคม ต.ค. 2555,281343,43,343,28,152 089,396 868
ตุลาคม ต.ค. 2555,124025,25,025,58,940 554,291 873
กันยายน ก.ย. 2555,540143,43,143,79,242 752,123 770
กันยายน ก.ย. 2555,329997,97,997,07,736 598,148 639
สิงหาคม ส.ค. 2555,683877,77,877,28,032 612,775 730
สิงหาคม ส.ค. 2555,895590,90,590,50,820 599,796 745
กรกฎาคม ก.ค. 2555,904050,50,050,11,897 224,159 042
กรกฎาคม ก.ค. 2555,915900,00,900,60,715 656,530 611
มิถุนายน มิ.ย 2555,159373,73,373,51,238 790,479 547
มิถุนายน มิ.ย 2555,882727,27,727,38,606 576,895 399
พฤษภาคม พ.ค. 2555,814418,18,418,31,504 309,902 101
พฤษภาคม พ.ค. 2555,889501,01,501,29,589 597,426 468
เมษายน เม.ย. 2555,583470,70,470,62,216 088,722 754
เมษายน เม.ย. 2555,257562,62,562,69,581 074,616 332
มีนาคม มี.ค. 2555,607064,64,064,08,606 333,573 350
มีนาคม มี.ค. 2555,222518,18,518,79,295 135,711 199
กุมภาพันธ์ ก.พ. 2555,648684,84,684,18,906 214,111 420
กุมภาพันธ์ ก.พ. 2555,320605,05,605,32,749 426,498 598
มกราคม ม.ค. 2555,451445,45,445,81,328 150,941 639
ธันวาคม ธ.ค. 2554,526402,02,402,65,168 026,541 597
ธันวาคม ธ.ค. 2554,884178,78,178,21,784 235,651 295
ธันวาคม ธ.ค. 2554,408147,47,147,02,922 253,857 739
พฤศจิกายน พ.ย. 2554,997777,77,777,57,425 551,406 993
พฤศจิกายน พ.ย. 2554,805540,40,540,54,771 380,065 221
ตุลาคม ต.ค. 2554,955756,56,756,83,991 057,329 507
ตุลาคม ต.ค. 2554,511052,52,052,15,957 104,189 499
กันยายน ก.ย. 2554,731198,98,198,28,384 645,812 589
กันยายน ก.ย. 2554,724533,33,533,85,847 021,533 821
สิงหาคม ส.ค. 2554,536960,60,960,62,814 345,074 005
สิงหาคม ส.ค. 2554,218756,56,756,12,703 583,660 221
กรกฎาคม ก.ค. 2554,116556,56,556,12,227 052,534 609
กรกฎาคม ก.ค. 2554,622953,53,953,51,390 160,780 463
มิถุนายน มิ.ย 2554,351276,76,276,88,486 167,162 582
มิถุนายน มิ.ย 2554,562370,70,370,46,656 346,801 556
พฤษภาคม พ.ค. 2554,406417,17,417,05,700 044,071 889
พฤษภาคม พ.ค. 2554,054136,36,136,85,421 945,133 524
เมษายน เม.ย. 2554,825988,88,988,44,263 213,397 593
เมษายน เม.ย. 2554,814931,31,931,01,723 584,040 036
มีนาคม มี.ค. 2554,593331,31,331,96,209 945,463 737
มีนาคม มี.ค. 2554,656037,37,037,97,544 357,926 396
กุมภาพันธ์ ก.พ. 2554,481746,46,746,27,535 510,384 388
กุมภาพันธ์ ก.พ. 2554,610089,89,089,55,596 361,121 432
มกราคม ม.ค. 2554,281062,62,062,23,227 185,758 546
ธันวาคม ธ.ค. 2553,884112,12,112,49,936 153,186 933
ธันวาคม ธ.ค. 2553,334380,80,380,24,529 315,533 306
ธันวาคม ธ.ค. 2553,181752,52,752,09,664 470,474 086
พฤศจิกายน พ.ย. 2553,813993,93,993,43,763 979,907 129
พฤศจิกายน พ.ย. 2553,191100,00,100,59,653 968,801 739
ตุลาคม ต.ค. 2553,621377,77,377,42,310 518,385 872
ตุลาคม ต.ค. 2553,488372,72,372,02,091 996,003 246
กันยายน ก.ย. 2553,017422,22,422,66,103 316,431 075
กันยายน ก.ย. 2553,354656,56,656,11,784 570,656 096
สิงหาคม ส.ค. 2553,911097,97,097,64,986 578,448 689
สิงหาคม ส.ค. 2553,210008,08,008,10,769 182,727 191
กรกฎาคม ก.ค. 2553,180387,87,387,34,309 219,572 024
กรกฎาคม ก.ค. 2553,480239,39,239,68,893 450,918 961
มิถุนายน มิ.ย 2553,500104,04,104,73,200 628,681 816
มิถุนายน มิ.ย 2553,444874,74,874,81,374 298,996 673
พฤษภาคม พ.ค. 2553,480012,12,012,12,293 151,770 008
พฤษภาคม พ.ค. 2553,360371,71,371,06,382 040,517 618
เมษายน เม.ย. 2553,211743,43,743,96,811 744,154 285
เมษายน เม.ย. 2553,959517,17,517,22,174 663,447 040
มีนาคม มี.ค. 2553,364222,22,222,97,619 996,229 756
มีนาคม มี.ค. 2553,215227,27,227,97,457 627,374 470
กุมภาพันธ์ ก.พ. 2553,133707,07,707,03,137 026,362 985
กุมภาพันธ์ ก.พ. 2553,186312,12,312,14,936 577,694 403
มกราคม ม.ค. 2553,073577,77,577,67,413 459,781 646
ธันวาคม ธ.ค. 2552,994304,04,304,87,993 337,419 598
ธันวาคม ธ.ค. 2552,685141,41,141,05,694 775,524 142
ธันวาคม ธ.ค. 2552,776980,80,980,59,937 188,412 252
พฤศจิกายน พ.ย. 2552,055986,86,986,58,299 952,072 536
พฤศจิกายน พ.ย. 2552,689140,40,140,85,366 923,642 465
ตุลาคม ต.ค. 2552,258487,87,487,00,174 135,226 122
ตุลาคม ต.ค. 2552,169387,87,387,06,249 435,714 255
กันยายน ก.ย. 2552,202912,12,912,48,200 353,539 166
กันยายน ก.ย. 2552,015865,65,865,32,435 447,446 924
สิงหาคม ส.ค. 2552,462933,33,933,96,843 292,577 658
สิงหาคม ส.ค. 2552,154986,86,986,92,688 239,421 374
กรกฎาคม ก.ค. 2552,000816,16,816,94,005 177,356 836
กรกฎาคม ก.ค. 2552,207542,42,542,66,233 107,799 385
มิถุนายน มิ.ย 2552,930456,56,456,15,125 044,954 179
มิถุนายน มิ.ย 2552,777661,61,661,26,242 097,240 642
พฤษภาคม พ.ค. 2552,111411,11,411,54,368 838,362 892
พฤษภาคม พ.ค. 2552,294452,52,452,11,222 549,947 301
เมษายน เม.ย. 2552,368415,15,415,33,954 179,007 570
เมษายน เม.ย. 2552,816578,78,578,50,572 363,113 044
มีนาคม มี.ค. 2552,268812,12,812,36,228 929,424 063
มีนาคม มี.ค. 2552,553091,91,091,67,224 238,665 295
กุมภาพันธ์ ก.พ. 2552,038730,30,730,93,961 939,115 434
กุมภาพันธ์ ก.พ. 2552,534533,33,533,69,660 777,015 427
มกราคม ม.ค. 2552,743212,12,212,25,266 800,842 885
ธันวาคม ธ.ค. 2551,218596,96,596,22,094 197,831 984
ธันวาคม ธ.ค. 2551,074114,14,114,25,305 715,803 959
ธันวาคม ธ.ค. 2551,205434,34,434,05,013 260,617 957
พฤศจิกายน พ.ย. 2551,002612,12,612,20,068 589,824 877
พฤศจิกายน พ.ย. 2551,272028,28,028,76,285 333,421 929
ตุลาคม ต.ค. 2551,431277,77,277,98,324 526,644 648
ตุลาคม ต.ค. 2551,882911,11,911,67,204 302,311 395
กันยายน ก.ย. 2551,012377,77,377,56,378 534,557 691
กันยายน ก.ย. 2551,695993,93,993,09,027 206,413 904
สิงหาคม ส.ค. 2551,380377,77,377,36,161 445,457 744
สิงหาคม ส.ค. 2551,850348,48,348,11,236 386,408 913
กรกฎาคม ก.ค. 2551,257374,74,374,41,344 401,486 576
กรกฎาคม ก.ค. 2551,943671,71,671,50,096 287,490 523
มิถุนายน มิ.ย 2551,729111,11,111,75,339 345,639 870
มิถุนายน มิ.ย 2551,414875,75,875,35,370 666,747 916
พฤษภาคม พ.ค. 2551,329231,31,231,69,193 120,355 214
พฤษภาคม พ.ค. 2551,453011,11,011,62,001 133,001 792
เมษายน เม.ย. 2551,982800,00,800,64,802 584,043 008
เมษายน เม.ย. 2551,012653,53,653,71,124 195,200 586
มีนาคม มี.ค. 2551,074946,46,946,33,077 974,085 158
มีนาคม มี.ค. 2551,936685,85,685,05,056 085,371 691
กุมภาพันธ์ ก.พ. 2551,137054,54,054,80,344 512,630 892
กุมภาพันธ์ ก.พ. 2551,212684,84,684,26,311 472,732 796
มกราคม ม.ค. 2551,556010,10,010,81,413 548,942 965
ธันวาคม ธ.ค. 2550,595411,11,411,81,267 490,741 787
ธันวาคม ธ.ค. 2550,513501,01,501,96,425 432,460 702
ธันวาคม ธ.ค. 2550,113410,10,410,18,418 485,627 659
พฤศจิกายน พ.ย. 2550,562481,81,481,73,130 198,752 844
พฤศจิกายน พ.ย. 2550,927907,07,907,88,213 277,524 648
ตุลาคม ต.ค. 2550,032988,88,988,48,158 663,685 846
ตุลาคม ต.ค. 2550,430667,67,667,76,090 104,126 667
กันยายน ก.ย. 2550,499336,36,336,45,247 273,604 608
กันยายน ก.ย. 2550,331810,10,810,69,293 505,518 520
สิงหาคม ส.ค. 2550,476207,07,207,93,234 236,312 424
สิงหาคม ส.ค. 2550,429924,24,924,29,006 048,885 962
กรกฎาคม ก.ค. 2550,527384,84,384,77,105 183,334 947
กรกฎาคม ก.ค. 2550,565151,51,151,76,146 287,638 949
มิถุนายน มิ.ย 2550,393194,94,194,41,989 907,424 589
มิถุนายน มิ.ย 2550,836393,93,393,05,739 242,523 433
พฤษภาคม พ.ค. 2550,232897,97,897,25,924 858,751 585
พฤษภาคม พ.ค. 2550,430374,74,374,81,553 442,881 729
เมษายน เม.ย. 2550,405105,05,105,63,013 987,866 522
เมษายน เม.ย. 2550,622780,80,780,93,677 794,814 022
มีนาคม มี.ค. 2550,876763,63,763,85,191 001,906 350
มีนาคม มี.ค. 2550,742425,25,425,61,949 294,942 801
กุมภาพันธ์ ก.พ. 2550,277859,59,859,95,625 607,979 384
กุมภาพันธ์ ก.พ. 2550,769925,25,925,56,893 239,287 865
มกราคม ม.ค. 2550,838739,39,739,55,293 263,845 803
ธันวาคม ธ.ค. 2549,778584,84,584,07,811 403,164 971
ธันวาคม ธ.ค. 2549,147977,77,977,45,439 694,647 197
ธันวาคม ธ.ค. 2549,270052,52,052,12,621 462,091 236
พฤศจิกายน พ.ย. 2549,562856,56,856,94,508 307,680 347
พฤศจิกายน พ.ย. 2549,910957,57,957,29,647 739,137 905
ตุลาคม ต.ค. 2549,264825,25,825,58,903 092,358 832
ตุลาคม ต.ค. 2549,952335,35,335,92,007 804,879 951
กันยายน ก.ย. 2549,217948,48,948,41,916 290,864 121
กันยายน ก.ย. 2549,381761,61,761,44,600 693,093 626
สิงหาคม ส.ค. 2549,977486,86,486,91,221 305,230 103
สิงหาคม ส.ค. 2549,238654,54,654,88,847 005,817 487
กรกฎาคม ก.ค. 2549,512434,34,434,48,989 098,518 432
กรกฎาคม ก.ค. 2549,952890,90,890,65,126 183,017 839
มิถุนายน มิ.ย 2549,100935,35,935,17,381 410,595 250
มิถุนายน มิ.ย 2549,810850,50,850,99,526 149,382 664
พฤษภาคม พ.ค. 2549,100344,44,344,71,386 463,811 696
พฤษภาคม พ.ค. 2549,024554,54,554,27,006 438,082 117
เมษายน เม.ย. 2549,038564,64,564,49,210 442,769 877
เมษายน เม.ย. 2549,738365,65,365,95,064 955,301 522
มีนาคม มี.ค. 2549,936177,77,177,30,486 185,205 320
มีนาคม มี.ค. 2549,582473,73,473,43,586 801,108 914
กุมภาพันธ์ ก.พ. 2549,317009,09,009,66,784 240,135 280
กุมภาพันธ์ ก.พ. 2549,412729,29,729,87,915 720,149 384
มกราคม ม.ค. 2549,432747,47,747,79,222 789,965 200
ธันวาคม ธ.ค. 2548,492955,55,955,94,066 308,742 150
ธันวาคม ธ.ค. 2548,449565,65,565,86,802 162,958 994
ธันวาคม ธ.ค. 2548,388551,51,551,17,072 764,027 770
พฤศจิกายน พ.ย. 2548,742518,18,518,80,502 741,887 137
พฤศจิกายน พ.ย. 2548,970577,77,577,98,171 375,009 216
ตุลาคม ต.ค. 2548,041072,72,072,71,346 913,410 269
ตุลาคม ต.ค. 2548,766482,82,482,24,766 551,792 275
กันยายน ก.ย. 2548,214768,68,768,10,498 282,124 057
กันยายน ก.ย. 2548,316933,33,933,17,123 338,969 047
สิงหาคม ส.ค. 2548,475560,60,560,68,272 844,103 915
สิงหาคม ส.ค. 2548,961633,33,633,26,055 152,386 272
กรกฎาคม ก.ค. 2548,477452,52,452,13,757 150,460 642
กรกฎาคม ก.ค. 2548,009554,54,554,87,798 427,641 244
มิถุนายน มิ.ย 2548,793070,70,070,44,806 021,074 605
มิถุนายน มิ.ย 2548,176893,93,893,35,176 579,616 405
พฤษภาคม พ.ค. 2548,867134,34,134,97,376 648,465 693
พฤษภาคม พ.ค. 2548,772467,67,467,43,017 383,815 073
เมษายน เม.ย. 2548,119327,27,327,10,081 968,346 627
เมษายน เม.ย. 2548,815753,53,753,69,482 381,224 807
มีนาคม มี.ค. 2548,196345,45,345,03,073 601,783 394
มีนาคม มี.ค. 2548,800751,51,751,93,681 714,998 669
กุมภาพันธ์ ก.พ. 2548,816422,22,422,53,086 356,192 065
กุมภาพันธ์ ก.พ. 2548,540054,54,054,34,389 180,863 571
มกราคม ม.ค. 2548,335022,22,022,08,689 291,039 479
ธันวาคม ธ.ค. 2547,168858,58,858,28,221 603,627 179
ธันวาคม ธ.ค. 2547,479372,72,372,17,288 075,999 183
ธันวาคม ธ.ค. 2547,504658,58,658,69,139 014,984 691
พฤศจิกายน พ.ย. 2547,754622,22,622,64,918 019,744 904
พฤศจิกายน พ.ย. 2547,185966,66,966,23,862 137,745 661
ตุลาคม ต.ค. 2547,355858,58,858,62,162 200,438 890
ตุลาคม ต.ค. 2547,110866,66,866,66,200 547,781 806
กันยายน ก.ย. 2547,923373,73,373,59,295 888,774 867
กันยายน ก.ย. 2547,096597,97,597,70,709 929,014 456
สิงหาคม ส.ค. 2547,335921,21,921,59,114 082,559 288
สิงหาคม ส.ค. 2547,868990,90,990,45,956 811,510 377
กรกฎาคม ก.ค. 2547,205588,88,588,25,696 726,461 154
กรกฎาคม ก.ค. 2547,312471,71,471,66,313 598,664 261
มิถุนายน มิ.ย 2547,208713,13,713,87,414 911,459 986
มิถุนายน มิ.ย 2547,614144,44,144,72,990 776,425 992
